priority_rank	chr	start	end	region_id	trait_pair	h2_trait1	h2_trait2	local_covariance	local_rg	rg_lower	rg_upper	p	pair_fdr	global_fdr	direction	noukbb_stable	lava_support	global_leaveout_effect	warnings	phase2b_priority
1	9	21674147	23083305	chr9.29	AMD-POAG	0.0010352482999765	0.0045225826981388	-0.0015672068180094	-0.724372437243724	-0.957795779577958	-0.314931493149315	0.0012401597536204	0.1326970936373828	0.1500593301880684	NEGATIVE_LOCAL_SHARING	True	NO_ELIGIBLE_TARGET	NOT_RUN_NO_GLOBAL_OR_PAIR_FDR_TARGET		TIER3
2	2	53852235	54684557	chr2.61	AMD-POAG	0.0005320130749789	0.0003176100188756	-0.0004110628696271	-1.0	-1.0	-0.550755075507551	0.0031900341796899	0.1699211935116868	0.1921538730365804	NEGATIVE_LOCAL_SHARING	True	NO_ELIGIBLE_TARGET	NOT_RUN_NO_GLOBAL_OR_PAIR_FDR_TARGET		TIER3
3	3	71224429	72332608	chr3.63	AMD-POAG	0.0009793471408597	0.0002883099171189	-0.0005313713325086	-1.0	-1.0	-0.357535753575358	0.0072343514488585	0.1699211935116868	0.1921538730365804	NEGATIVE_LOCAL_SHARING	True	NO_ELIGIBLE_TARGET	NOT_RUN_NO_GLOBAL_OR_PAIR_FDR_TARGET		TIER3
4	8	124001089	125450473	chr8.119	AMD-POAG	0.0003304894321458	0.0005598390964196	-0.0004301405643144	-1.0	-1.0	-0.373137313731373	0.0074948106456719	0.1699211935116868	0.1921538730365804	NEGATIVE_LOCAL_SHARING	True	NO_ELIGIBLE_TARGET	NOT_RUN_NO_GLOBAL_OR_PAIR_FDR_TARGET		TIER3
5	9	77877793	78630894	chr9.51	AMD-POAG	0.0006986925298288	0.0009398394416897	-0.0006500240210953	-0.802180218021802	-1.0	-0.234323432343234	0.007940242687462	0.1699211935116868	0.1921538730365804	NEGATIVE_LOCAL_SHARING	True	NO_ELIGIBLE_TARGET	NOT_RUN_NO_GLOBAL_OR_PAIR_FDR_TARGET		TIER3
6	13	21547317	22794240	chr13.4	AMD-POAG	0.001588687786922	0.0016057223148414	-0.0009131883153174	-0.571757175717572	-0.898789878987899	-0.131713171317132	0.0119077982126708	0.1900515116889386	0.2149180646202016	NEGATIVE_LOCAL_SHARING	True	NO_ELIGIBLE_TARGET	NOT_RUN_NO_GLOBAL_OR_PAIR_FDR_TARGET		TIER3
7	14	60100967	61652619	chr14.39	AMD-POAG	0.0021585836671708	0.0038943777933021	-0.0022973546304605	-0.792379237923792	-1.0	-0.193119311931193	0.0124332764656315	0.1900515116889386	0.2149180646202016	NEGATIVE_LOCAL_SHARING	True	NO_ELIGIBLE_TARGET	NOT_RUN_NO_GLOBAL_OR_PAIR_FDR_TARGET		TIER3
8	7	116837610	118338267	chr7.106	AMD-POAG	0.0008141073376378	0.0010522242183759	-0.0008276696912024	-0.894189418941894	-1.0	-0.15971597159716	0.020630957833271	0.2759390610199996	0.3120432372282238	NEGATIVE_LOCAL_SHARING	True	NO_ELIGIBLE_TARGET	NOT_RUN_NO_GLOBAL_OR_PAIR_FDR_TARGET		TIER3
9	11	32830564	33905285	chr11.36	AMD-POAG	0.0006777676048993	0.0003631207391162	0.0003986177798729	0.803580358035804	0.0883088308830883	1.0	0.0303252469964389	0.3605334920687736	0.4077060985076785	POSITIVE_LOCAL_SHARING	True	NO_ELIGIBLE_TARGET	NOT_RUN_NO_GLOBAL_OR_PAIR_FDR_TARGET		TIER3
10	9	128785910	129617253	chr9.100	AMD-POAG	6.40275215661706e-05	0.0021994853974298	-0.0003752700343997	-1.0	-1.0	-0.11011101110111	0.0349011270703187	0.3699164470773141	0.4183167298724766	NEGATIVE_LOCAL_SHARING	True	NO_ELIGIBLE_TARGET	NOT_RUN_NO_GLOBAL_OR_PAIR_FDR_TARGET		TIER3
1	1	200135564	201067784	chr1.154	AMD-RE	0.0003368450809782	2.86317826546464e-05	9.82062887337466e-05	1.0	-0.178717871787179	1.0	0.0789314332880746	0.6314514663045968	0.5223576126156921	POSITIVE_LOCAL_SHARING	False	NO_ELIGIBLE_TARGET	NOT_RUN_NO_GLOBAL_OR_PAIR_FDR_TARGET		TIER3
2	9	116160220	117053273	chr9.89	AMD-RE	0.0012534623691051	1.24800654422258e-05	0.0001040006454301	0.831583158315832	-0.335733573357336	1.0	0.170962222247398	0.683848888989592	0.6212779839620222	POSITIVE_LOCAL_SHARING	False	NO_ELIGIBLE_TARGET	NOT_RUN_NO_GLOBAL_OR_PAIR_FDR_TARGET		TIER3
3	12	13559539	14653867	chr12.15	AMD-RE	9.51520273938774e-05	1.01882257185061e-05	3.11356762037104e-05	1.0	-1.0	1.0	0.466773393542439	0.957798759968007	0.8092103335349138	POSITIVE_LOCAL_SHARING	False	NO_ELIGIBLE_TARGET	NOT_RUN_NO_GLOBAL_OR_PAIR_FDR_TARGET		TIER3
4	3	190591911	191228990	chr3.167	AMD-RE	0.0005164703668669	2.16379029364372e-06	1.93517443405933e-05	0.578957895789579	-1.0	1.0	0.59434439743076	0.957798759968007	0.8602399293563704	POSITIVE_LOCAL_SHARING	False	NO_ELIGIBLE_TARGET	NOT_RUN_NO_GLOBAL_OR_PAIR_FDR_TARGET		TIER3
5	6	7810021	9020424	chr6.8	AMD-RE	1.89512845087079e-05	1.15856772325217e-05	-1.48176740907464e-05	-1.0	-1.0	1.0	0.604040462405106	0.957798759968007	0.8602399293563704	NEGATIVE_LOCAL_SHARING	False	NO_ELIGIBLE_TARGET	NOT_RUN_NO_GLOBAL_OR_PAIR_FDR_TARGET		TIER3
6	2	50757671	51666313	chr2.57	AMD-RE	1.15754502099752e-05	6.34890926284522e-06	-6.31606893709537e-06	-0.736773677367737	-1.0	1.0	0.830153261849187	0.957798759968007	0.9551524461712018	NEGATIVE_LOCAL_SHARING	False	NO_ELIGIBLE_TARGET	NOT_RUN_NO_GLOBAL_OR_PAIR_FDR_TARGET		TIER3
7	18	2841862	3718160	chr18.4	AMD-RE	0.0004666231733727	0.246979104463741	-0.0019922670811041	-0.185518551855186	-0.913191319131913	0.904790479047905	0.912245068652232	0.957798759968007	0.9877875549288172	NEGATIVE_LOCAL_SHARING	False	NO_ELIGIBLE_TARGET	NOT_RUN_NO_GLOBAL_OR_PAIR_FDR_TARGET		TIER3
8	10	133114209	133817742	chr10.122	AMD-RE	0.0009975165720605	5.85133157626191e-05	4.19758751757402e-06	0.0173017301730173	-0.586158615861586	0.598159815981598	0.957798759968007	0.957798759968007	0.9877875549288172	POSITIVE_LOCAL_SHARING	False	NO_ELIGIBLE_TARGET	NOT_RUN_NO_GLOBAL_OR_PAIR_FDR_TARGET		TIER3
1	2	62430208	63669625	chr2.69	POAG-RE	2.21005427453747e-05	5.55993006361044e-06	-1.10850111426248e-05	-1.0	-1.0	1.0	0.278493630935711	0.754258038946884	0.7325593335482834	NEGATIVE_LOCAL_SHARING	True	NO_ELIGIBLE_TARGET	NOT_RUN_NO_GLOBAL_OR_PAIR_FDR_TARGET		TIER3
2	11	128266104	129447968	chr11.124	POAG-RE	0.0008800587781824	3.584745889097e-05	-7.68573857334008e-05	-0.432743274327433	-1.0	0.518151815181518	0.382651869282232	0.754258038946884	0.8092103335349138	NEGATIVE_LOCAL_SHARING	True	NO_ELIGIBLE_TARGET	NOT_RUN_NO_GLOBAL_OR_PAIR_FDR_TARGET		TIER3
3	10	78667191	79952934	chr10.73	POAG-RE	1.12694684052307e-05	1.52976297863866e-05	-1.31299716508681e-05	-1.0	-1.0	1.0	0.438118360560565	0.754258038946884	0.8092103335349138	NEGATIVE_LOCAL_SHARING	True	NO_ELIGIBLE_TARGET	NOT_RUN_NO_GLOBAL_OR_PAIR_FDR_TARGET		TIER3
4	4	31399060	32259530	chr4.34	POAG-RE	0.00014055083885	3.3541213215653e-07	6.8660364501711e-06	1.0	-1.0	1.0	0.502838692631256	0.754258038946884	0.8364663092061538	POSITIVE_LOCAL_SHARING	True	NO_ELIGIBLE_TARGET	NOT_RUN_NO_GLOBAL_OR_PAIR_FDR_TARGET		TIER3
5	3	82538109	83515994	chr3.73	POAG-RE	3.80567374165542e-05	6.27880649912823e-06	4.55371693063332e-06	0.294529452945294	-1.0	1.0	0.841293003068171	0.938330768478586	0.9551524461712018	POSITIVE_LOCAL_SHARING	True	NO_ELIGIBLE_TARGET	NOT_RUN_NO_GLOBAL_OR_PAIR_FDR_TARGET		TIER3
6	17	29783244	31318492	chr17.25	POAG-RE	4.53919682216883e-05	2.03183258900231e-05	4.71107251037401e-06	0.155115511551155	-1.0	1.0	0.938330768478586	0.938330768478586	0.9877875549288172	POSITIVE_LOCAL_SHARING	True	NO_ELIGIBLE_TARGET	NOT_RUN_NO_GLOBAL_OR_PAIR_FDR_TARGET		TIER3
